<application>
  <component name="FileTypeManager" version="17">
    <extensionMap>
      <mapping ext="klib" type="ARCHIVE" />
      <mapping ext="scpt" type="Native" />
      <mapping pattern="hello" type="PLAIN_TEXT" />
      <mapping pattern="edoc_clean" type="PLAIN_TEXT" />
      <mapping pattern="Line 1" type="PLAIN_TEXT" />
      <mapping ext="2-exec" type="PLAIN_TEXT" />
      <mapping pattern="x" type="XML" />
      <mapping ext="sdef" type="XML" />
      <mapping ext="script" type="AppleScript file" />
    </extensionMap>
  </component>
</application>