<application>
  <component name="ProjectJdkTable">
    <jdk version="2">
      <name value="RVM: ruby-2.3.0" />
      <type value="RUBY_SDK" />
      <version value="ver.2.3.0p0 ( revision 53290) p0" />
      <homePath value="$USER_HOME$/.rvm/rubies/ruby-2.3.0/bin/ruby" />
      <roots>
        <annotationsPath>
          <root type="composite" />
        </annotationsPath>
        <classPath>
          <root type="composite">
            <root url="file://$USER_HOME$/.rvm/rubies/ruby-2.3.0/lib/ruby/site_ruby/2.3.0" type="simple" />
            <root url="file://$USER_HOME$/.rvm/rubies/ruby-2.3.0/lib/ruby/site_ruby/2.3.0/x86_64-darwin15" type="simple" />
            <root url="file://$USER_HOME$/.rvm/rubies/ruby-2.3.0/lib/ruby/site_ruby" type="simple" />
            <root url="file://$USER_HOME$/.rvm/rubies/ruby-2.3.0/lib/ruby/vendor_ruby/2.3.0" type="simple" />
            <root url="file://$USER_HOME$/.rvm/rubies/ruby-2.3.0/lib/ruby/vendor_ruby/2.3.0/x86_64-darwin15" type="simple" />
            <root url="file://$USER_HOME$/.rvm/rubies/ruby-2.3.0/lib/ruby/vendor_ruby" type="simple" />
            <root url="file://$USER_HOME$/.rvm/rubies/ruby-2.3.0/lib/ruby/2.3.0" type="simple" />
            <root url="file://$USER_HOME$/.rvm/rubies/ruby-2.3.0/lib/ruby/2.3.0/x86_64-darwin15" type="simple" />
            <root url="file://$APPLICATION_PLUGINS_DIR$/ruby/rubystubs/rubystubs23" type="simple" />
          </root>
        </classPath>
        <javadocPath>
          <root type="composite" />
        </javadocPath>
        <sourcePath>
          <root type="composite">
            <root url="file://$USER_HOME$/.rvm/rubies/ruby-2.3.0/lib/ruby/site_ruby/2.3.0" type="simple" />
            <root url="file://$USER_HOME$/.rvm/rubies/ruby-2.3.0/lib/ruby/site_ruby/2.3.0/x86_64-darwin15" type="simple" />
            <root url="file://$USER_HOME$/.rvm/rubies/ruby-2.3.0/lib/ruby/site_ruby" type="simple" />
            <root url="file://$USER_HOME$/.rvm/rubies/ruby-2.3.0/lib/ruby/vendor_ruby/2.3.0" type="simple" />
            <root url="file://$USER_HOME$/.rvm/rubies/ruby-2.3.0/lib/ruby/vendor_ruby/2.3.0/x86_64-darwin15" type="simple" />
            <root url="file://$USER_HOME$/.rvm/rubies/ruby-2.3.0/lib/ruby/vendor_ruby" type="simple" />
            <root url="file://$USER_HOME$/.rvm/rubies/ruby-2.3.0/lib/ruby/2.3.0" type="simple" />
            <root url="file://$USER_HOME$/.rvm/rubies/ruby-2.3.0/lib/ruby/2.3.0/x86_64-darwin15" type="simple" />
            <root url="file://$APPLICATION_PLUGINS_DIR$/ruby/rubystubs/rubystubs23" type="simple" />
          </root>
        </sourcePath>
      </roots>
      <additional />
    </jdk>
    <jdk version="2">
      <name value="RVM: ruby-2.3.0 [global]" />
      <type value="RUBY_SDK" />
      <version value="ver.2.3.0p0 ( revision 53290) p0" />
      <homePath value="$USER_HOME$/.rvm/rubies/ruby-2.3.0/bin/ruby" />
      <roots>
        <annotationsPath>
          <root type="composite" />
        </annotationsPath>
        <classPath>
          <root type="composite">
            <root url="file://$USER_HOME$/.rvm/gems/ruby-2.3.0@global/gems/did_you_mean-1.0.0/lib" type="simple" />
            <root url="file://$USER_HOME$/.rvm/rubies/ruby-2.3.0/lib/ruby/site_ruby/2.3.0" type="simple" />
            <root url="file://$USER_HOME$/.rvm/rubies/ruby-2.3.0/lib/ruby/site_ruby/2.3.0/x86_64-darwin15" type="simple" />
            <root url="file://$USER_HOME$/.rvm/rubies/ruby-2.3.0/lib/ruby/site_ruby" type="simple" />
            <root url="file://$USER_HOME$/.rvm/rubies/ruby-2.3.0/lib/ruby/vendor_ruby/2.3.0" type="simple" />
            <root url="file://$USER_HOME$/.rvm/rubies/ruby-2.3.0/lib/ruby/vendor_ruby/2.3.0/x86_64-darwin15" type="simple" />
            <root url="file://$USER_HOME$/.rvm/rubies/ruby-2.3.0/lib/ruby/vendor_ruby" type="simple" />
            <root url="file://$USER_HOME$/.rvm/rubies/ruby-2.3.0/lib/ruby/2.3.0" type="simple" />
            <root url="file://$USER_HOME$/.rvm/rubies/ruby-2.3.0/lib/ruby/2.3.0/x86_64-darwin15" type="simple" />
            <root url="file://$APPLICATION_PLUGINS_DIR$/ruby/rubystubs/rubystubs23" type="simple" />
          </root>
        </classPath>
        <javadocPath>
          <root type="composite" />
        </javadocPath>
        <sourcePath>
          <root type="composite">
            <root url="file://$USER_HOME$/.rvm/gems/ruby-2.3.0@global/gems/did_you_mean-1.0.0/lib" type="simple" />
            <root url="file://$USER_HOME$/.rvm/rubies/ruby-2.3.0/lib/ruby/site_ruby/2.3.0" type="simple" />
            <root url="file://$USER_HOME$/.rvm/rubies/ruby-2.3.0/lib/ruby/site_ruby/2.3.0/x86_64-darwin15" type="simple" />
            <root url="file://$USER_HOME$/.rvm/rubies/ruby-2.3.0/lib/ruby/site_ruby" type="simple" />
            <root url="file://$USER_HOME$/.rvm/rubies/ruby-2.3.0/lib/ruby/vendor_ruby/2.3.0" type="simple" />
            <root url="file://$USER_HOME$/.rvm/rubies/ruby-2.3.0/lib/ruby/vendor_ruby/2.3.0/x86_64-darwin15" type="simple" />
            <root url="file://$USER_HOME$/.rvm/rubies/ruby-2.3.0/lib/ruby/vendor_ruby" type="simple" />
            <root url="file://$USER_HOME$/.rvm/rubies/ruby-2.3.0/lib/ruby/2.3.0" type="simple" />
            <root url="file://$USER_HOME$/.rvm/rubies/ruby-2.3.0/lib/ruby/2.3.0/x86_64-darwin15" type="simple" />
            <root url="file://$APPLICATION_PLUGINS_DIR$/ruby/rubystubs/rubystubs23" type="simple" />
          </root>
        </sourcePath>
      </roots>
      <additional />
    </jdk>
    <jdk version="2">
      <name value="RVM: ruby-2.2.3" />
      <type value="RUBY_SDK" />
      <version value="ver.2.2.3p173 ( revision 51636) p173" />
      <homePath value="$USER_HOME$/.rvm/rubies/ruby-2.2.3/bin/ruby" />
      <roots>
        <annotationsPath>
          <root type="composite" />
        </annotationsPath>
        <classPath>
          <root type="composite">
            <root url="file://$USER_HOME$/.rvm/rubies/ruby-2.2.3/lib/ruby/site_ruby/2.2.0" type="simple" />
            <root url="file://$USER_HOME$/.rvm/rubies/ruby-2.2.3/lib/ruby/site_ruby/2.2.0/x86_64-darwin14" type="simple" />
            <root url="file://$USER_HOME$/.rvm/rubies/ruby-2.2.3/lib/ruby/site_ruby" type="simple" />
            <root url="file://$USER_HOME$/.rvm/rubies/ruby-2.2.3/lib/ruby/vendor_ruby/2.2.0" type="simple" />
            <root url="file://$USER_HOME$/.rvm/rubies/ruby-2.2.3/lib/ruby/vendor_ruby/2.2.0/x86_64-darwin14" type="simple" />
            <root url="file://$USER_HOME$/.rvm/rubies/ruby-2.2.3/lib/ruby/vendor_ruby" type="simple" />
            <root url="file://$USER_HOME$/.rvm/rubies/ruby-2.2.3/lib/ruby/2.2.0" type="simple" />
            <root url="file://$USER_HOME$/.rvm/rubies/ruby-2.2.3/lib/ruby/2.2.0/x86_64-darwin14" type="simple" />
            <root url="file://$APPLICATION_PLUGINS_DIR$/ruby/rubystubs/rubystubs22" type="simple" />
          </root>
        </classPath>
        <javadocPath>
          <root type="composite" />
        </javadocPath>
        <sourcePath>
          <root type="composite">
            <root url="file://$USER_HOME$/.rvm/rubies/ruby-2.2.3/lib/ruby/site_ruby/2.2.0" type="simple" />
            <root url="file://$USER_HOME$/.rvm/rubies/ruby-2.2.3/lib/ruby/site_ruby/2.2.0/x86_64-darwin14" type="simple" />
            <root url="file://$USER_HOME$/.rvm/rubies/ruby-2.2.3/lib/ruby/site_ruby" type="simple" />
            <root url="file://$USER_HOME$/.rvm/rubies/ruby-2.2.3/lib/ruby/vendor_ruby/2.2.0" type="simple" />
            <root url="file://$USER_HOME$/.rvm/rubies/ruby-2.2.3/lib/ruby/vendor_ruby/2.2.0/x86_64-darwin14" type="simple" />
            <root url="file://$USER_HOME$/.rvm/rubies/ruby-2.2.3/lib/ruby/vendor_ruby" type="simple" />
            <root url="file://$USER_HOME$/.rvm/rubies/ruby-2.2.3/lib/ruby/2.2.0" type="simple" />
            <root url="file://$USER_HOME$/.rvm/rubies/ruby-2.2.3/lib/ruby/2.2.0/x86_64-darwin14" type="simple" />
            <root url="file://$APPLICATION_PLUGINS_DIR$/ruby/rubystubs/rubystubs22" type="simple" />
          </root>
        </sourcePath>
      </roots>
      <additional />
    </jdk>
    <jdk version="2">
      <name value="RVM: ruby-2.2.3 [global]" />
      <type value="RUBY_SDK" />
      <version value="ver.2.2.3p173 ( revision 51636) p173" />
      <homePath value="$USER_HOME$/.rvm/rubies/ruby-2.2.3/bin/ruby" />
      <roots>
        <annotationsPath>
          <root type="composite" />
        </annotationsPath>
        <classPath>
          <root type="composite">
            <root url="file://$USER_HOME$/.rvm/rubies/ruby-2.2.3/lib/ruby/site_ruby/2.2.0" type="simple" />
            <root url="file://$USER_HOME$/.rvm/rubies/ruby-2.2.3/lib/ruby/site_ruby/2.2.0/x86_64-darwin14" type="simple" />
            <root url="file://$USER_HOME$/.rvm/rubies/ruby-2.2.3/lib/ruby/site_ruby" type="simple" />
            <root url="file://$USER_HOME$/.rvm/rubies/ruby-2.2.3/lib/ruby/vendor_ruby/2.2.0" type="simple" />
            <root url="file://$USER_HOME$/.rvm/rubies/ruby-2.2.3/lib/ruby/vendor_ruby/2.2.0/x86_64-darwin14" type="simple" />
            <root url="file://$USER_HOME$/.rvm/rubies/ruby-2.2.3/lib/ruby/vendor_ruby" type="simple" />
            <root url="file://$USER_HOME$/.rvm/rubies/ruby-2.2.3/lib/ruby/2.2.0" type="simple" />
            <root url="file://$USER_HOME$/.rvm/rubies/ruby-2.2.3/lib/ruby/2.2.0/x86_64-darwin14" type="simple" />
            <root url="file://$APPLICATION_PLUGINS_DIR$/ruby/rubystubs/rubystubs22" type="simple" />
          </root>
        </classPath>
        <javadocPath>
          <root type="composite" />
        </javadocPath>
        <sourcePath>
          <root type="composite">
            <root url="file://$USER_HOME$/.rvm/rubies/ruby-2.2.3/lib/ruby/site_ruby/2.2.0" type="simple" />
            <root url="file://$USER_HOME$/.rvm/rubies/ruby-2.2.3/lib/ruby/site_ruby/2.2.0/x86_64-darwin14" type="simple" />
            <root url="file://$USER_HOME$/.rvm/rubies/ruby-2.2.3/lib/ruby/site_ruby" type="simple" />
            <root url="file://$USER_HOME$/.rvm/rubies/ruby-2.2.3/lib/ruby/vendor_ruby/2.2.0" type="simple" />
            <root url="file://$USER_HOME$/.rvm/rubies/ruby-2.2.3/lib/ruby/vendor_ruby/2.2.0/x86_64-darwin14" type="simple" />
            <root url="file://$USER_HOME$/.rvm/rubies/ruby-2.2.3/lib/ruby/vendor_ruby" type="simple" />
            <root url="file://$USER_HOME$/.rvm/rubies/ruby-2.2.3/lib/ruby/2.2.0" type="simple" />
            <root url="file://$USER_HOME$/.rvm/rubies/ruby-2.2.3/lib/ruby/2.2.0/x86_64-darwin14" type="simple" />
            <root url="file://$APPLICATION_PLUGINS_DIR$/ruby/rubystubs/rubystubs22" type="simple" />
          </root>
        </sourcePath>
      </roots>
      <additional />
    </jdk>
    <jdk version="2">
      <name value="RVM: ruby-2.3.3" />
      <type value="RUBY_SDK" />
      <version value="ver.2.3.3p222 ( revision 56859) p222" />
      <homePath value="$USER_HOME$/.rvm/rubies/ruby-2.3.3/bin/ruby" />
      <roots>
        <annotationsPath>
          <root type="composite" />
        </annotationsPath>
        <classPath>
          <root type="composite">
            <root url="file://$USER_HOME$/.rvm/rubies/ruby-2.3.3/lib/ruby/site_ruby/2.3.0" type="simple" />
            <root url="file://$USER_HOME$/.rvm/rubies/ruby-2.3.3/lib/ruby/site_ruby/2.3.0/x86_64-darwin15" type="simple" />
            <root url="file://$USER_HOME$/.rvm/rubies/ruby-2.3.3/lib/ruby/site_ruby" type="simple" />
            <root url="file://$USER_HOME$/.rvm/rubies/ruby-2.3.3/lib/ruby/vendor_ruby/2.3.0" type="simple" />
            <root url="file://$USER_HOME$/.rvm/rubies/ruby-2.3.3/lib/ruby/vendor_ruby/2.3.0/x86_64-darwin15" type="simple" />
            <root url="file://$USER_HOME$/.rvm/rubies/ruby-2.3.3/lib/ruby/vendor_ruby" type="simple" />
            <root url="file://$USER_HOME$/.rvm/rubies/ruby-2.3.3/lib/ruby/2.3.0" type="simple" />
            <root url="file://$USER_HOME$/.rvm/rubies/ruby-2.3.3/lib/ruby/2.3.0/x86_64-darwin15" type="simple" />
            <root url="file://$APPLICATION_PLUGINS_DIR$/ruby/rubystubs/rubystubs23" type="simple" />
          </root>
        </classPath>
        <javadocPath>
          <root type="composite" />
        </javadocPath>
        <sourcePath>
          <root type="composite">
            <root url="file://$USER_HOME$/.rvm/rubies/ruby-2.3.3/lib/ruby/site_ruby/2.3.0" type="simple" />
            <root url="file://$USER_HOME$/.rvm/rubies/ruby-2.3.3/lib/ruby/site_ruby/2.3.0/x86_64-darwin15" type="simple" />
            <root url="file://$USER_HOME$/.rvm/rubies/ruby-2.3.3/lib/ruby/site_ruby" type="simple" />
            <root url="file://$USER_HOME$/.rvm/rubies/ruby-2.3.3/lib/ruby/vendor_ruby/2.3.0" type="simple" />
            <root url="file://$USER_HOME$/.rvm/rubies/ruby-2.3.3/lib/ruby/vendor_ruby/2.3.0/x86_64-darwin15" type="simple" />
            <root url="file://$USER_HOME$/.rvm/rubies/ruby-2.3.3/lib/ruby/vendor_ruby" type="simple" />
            <root url="file://$USER_HOME$/.rvm/rubies/ruby-2.3.3/lib/ruby/2.3.0" type="simple" />
            <root url="file://$USER_HOME$/.rvm/rubies/ruby-2.3.3/lib/ruby/2.3.0/x86_64-darwin15" type="simple" />
            <root url="file://$APPLICATION_PLUGINS_DIR$/ruby/rubystubs/rubystubs23" type="simple" />
          </root>
        </sourcePath>
      </roots>
      <additional />
    </jdk>
    <jdk version="2">
      <name value="RVM: ruby-2.3.3 [global]" />
      <type value="RUBY_SDK" />
      <version value="ver.2.3.3p222 ( revision 56859) p222" />
      <homePath value="$USER_HOME$/.rvm/rubies/ruby-2.3.3/bin/ruby" />
      <roots>
        <annotationsPath>
          <root type="composite" />
        </annotationsPath>
        <classPath>
          <root type="composite">
            <root url="file://$USER_HOME$/.rvm/gems/ruby-2.3.3@global/gems/did_you_mean-1.0.0/lib" type="simple" />
            <root url="file://$USER_HOME$/.rvm/rubies/ruby-2.3.3/lib/ruby/site_ruby/2.3.0" type="simple" />
            <root url="file://$USER_HOME$/.rvm/rubies/ruby-2.3.3/lib/ruby/site_ruby/2.3.0/x86_64-darwin15" type="simple" />
            <root url="file://$USER_HOME$/.rvm/rubies/ruby-2.3.3/lib/ruby/site_ruby" type="simple" />
            <root url="file://$USER_HOME$/.rvm/rubies/ruby-2.3.3/lib/ruby/vendor_ruby/2.3.0" type="simple" />
            <root url="file://$USER_HOME$/.rvm/rubies/ruby-2.3.3/lib/ruby/vendor_ruby/2.3.0/x86_64-darwin15" type="simple" />
            <root url="file://$USER_HOME$/.rvm/rubies/ruby-2.3.3/lib/ruby/vendor_ruby" type="simple" />
            <root url="file://$USER_HOME$/.rvm/rubies/ruby-2.3.3/lib/ruby/2.3.0" type="simple" />
            <root url="file://$USER_HOME$/.rvm/rubies/ruby-2.3.3/lib/ruby/2.3.0/x86_64-darwin15" type="simple" />
            <root url="file://$APPLICATION_PLUGINS_DIR$/ruby/rubystubs/rubystubs23" type="simple" />
          </root>
        </classPath>
        <javadocPath>
          <root type="composite" />
        </javadocPath>
        <sourcePath>
          <root type="composite">
            <root url="file://$USER_HOME$/.rvm/gems/ruby-2.3.3@global/gems/did_you_mean-1.0.0/lib" type="simple" />
            <root url="file://$USER_HOME$/.rvm/rubies/ruby-2.3.3/lib/ruby/site_ruby/2.3.0" type="simple" />
            <root url="file://$USER_HOME$/.rvm/rubies/ruby-2.3.3/lib/ruby/site_ruby/2.3.0/x86_64-darwin15" type="simple" />
            <root url="file://$USER_HOME$/.rvm/rubies/ruby-2.3.3/lib/ruby/site_ruby" type="simple" />
            <root url="file://$USER_HOME$/.rvm/rubies/ruby-2.3.3/lib/ruby/vendor_ruby/2.3.0" type="simple" />
            <root url="file://$USER_HOME$/.rvm/rubies/ruby-2.3.3/lib/ruby/vendor_ruby/2.3.0/x86_64-darwin15" type="simple" />
            <root url="file://$USER_HOME$/.rvm/rubies/ruby-2.3.3/lib/ruby/vendor_ruby" type="simple" />
            <root url="file://$USER_HOME$/.rvm/rubies/ruby-2.3.3/lib/ruby/2.3.0" type="simple" />
            <root url="file://$USER_HOME$/.rvm/rubies/ruby-2.3.3/lib/ruby/2.3.0/x86_64-darwin15" type="simple" />
            <root url="file://$APPLICATION_PLUGINS_DIR$/ruby/rubystubs/rubystubs23" type="simple" />
          </root>
        </sourcePath>
      </roots>
      <additional />
    </jdk>
    <jdk version="2">
      <name value="rbenv: 2.3.3" />
      <type value="RUBY_SDK" />
      <version value="ver.2.3.3p222 ( revision 56859) p222" />
      <homePath value="$USER_HOME$/.rbenv/versions/2.3.3/bin/ruby" />
      <roots>
        <annotationsPath>
          <root type="composite" />
        </annotationsPath>
        <classPath>
          <root type="composite">
            <root url="file://$USER_HOME$/.rbenv/versions/2.3.3/lib/ruby/gems/2.3.0/gems/did_you_mean-1.0.0/lib" type="simple" />
            <root url="file://$USER_HOME$/.rbenv/versions/2.3.3/lib/ruby/site_ruby/2.3.0" type="simple" />
            <root url="file://$USER_HOME$/.rbenv/versions/2.3.3/lib/ruby/site_ruby/2.3.0/x86_64-darwin15" type="simple" />
            <root url="file://$USER_HOME$/.rbenv/versions/2.3.3/lib/ruby/site_ruby" type="simple" />
            <root url="file://$USER_HOME$/.rbenv/versions/2.3.3/lib/ruby/vendor_ruby/2.3.0" type="simple" />
            <root url="file://$USER_HOME$/.rbenv/versions/2.3.3/lib/ruby/vendor_ruby/2.3.0/x86_64-darwin15" type="simple" />
            <root url="file://$USER_HOME$/.rbenv/versions/2.3.3/lib/ruby/vendor_ruby" type="simple" />
            <root url="file://$USER_HOME$/.rbenv/versions/2.3.3/lib/ruby/2.3.0" type="simple" />
            <root url="file://$USER_HOME$/.rbenv/versions/2.3.3/lib/ruby/2.3.0/x86_64-darwin15" type="simple" />
            <root url="file://$APPLICATION_PLUGINS_DIR$/ruby/rubystubs/rubystubs23" type="simple" />
          </root>
        </classPath>
        <javadocPath>
          <root type="composite" />
        </javadocPath>
        <sourcePath>
          <root type="composite">
            <root url="file://$USER_HOME$/.rbenv/versions/2.3.3/lib/ruby/gems/2.3.0/gems/did_you_mean-1.0.0/lib" type="simple" />
            <root url="file://$USER_HOME$/.rbenv/versions/2.3.3/lib/ruby/site_ruby/2.3.0" type="simple" />
            <root url="file://$USER_HOME$/.rbenv/versions/2.3.3/lib/ruby/site_ruby/2.3.0/x86_64-darwin15" type="simple" />
            <root url="file://$USER_HOME$/.rbenv/versions/2.3.3/lib/ruby/site_ruby" type="simple" />
            <root url="file://$USER_HOME$/.rbenv/versions/2.3.3/lib/ruby/vendor_ruby/2.3.0" type="simple" />
            <root url="file://$USER_HOME$/.rbenv/versions/2.3.3/lib/ruby/vendor_ruby/2.3.0/x86_64-darwin15" type="simple" />
            <root url="file://$USER_HOME$/.rbenv/versions/2.3.3/lib/ruby/vendor_ruby" type="simple" />
            <root url="file://$USER_HOME$/.rbenv/versions/2.3.3/lib/ruby/2.3.0" type="simple" />
            <root url="file://$USER_HOME$/.rbenv/versions/2.3.3/lib/ruby/2.3.0/x86_64-darwin15" type="simple" />
            <root url="file://$APPLICATION_PLUGINS_DIR$/ruby/rubystubs/rubystubs23" type="simple" />
          </root>
        </sourcePath>
      </roots>
      <additional />
    </jdk>
    <jdk version="2">
      <name value="Chef DK: /opt/chefdk" />
      <type value="RUBY_SDK" />
      <version value="ver.2.3.1p112 ( revision 54768) p112" />
      <homePath value="/opt/chefdk/embedded/bin/ruby" />
      <roots>
        <annotationsPath>
          <root type="composite" />
        </annotationsPath>
        <classPath>
          <root type="composite">
            <root url="file:///opt/chefdk/embedded/lib/ruby/gems/2.3.0/gems/did_you_mean-1.0.0/lib" type="simple" />
            <root url="file:///opt/chefdk/embedded/lib/ruby/site_ruby/2.3.0" type="simple" />
            <root url="file:///opt/chefdk/embedded/lib/ruby/site_ruby" type="simple" />
            <root url="file:///opt/chefdk/embedded/lib/ruby/2.3.0" type="simple" />
            <root url="file:///opt/chefdk/embedded/lib/ruby/2.3.0/x86_64-darwin13" type="simple" />
            <root url="file://$APPLICATION_PLUGINS_DIR$/ruby/rubystubs/rubystubs23" type="simple" />
          </root>
        </classPath>
        <javadocPath>
          <root type="composite" />
        </javadocPath>
        <sourcePath>
          <root type="composite">
            <root url="file:///opt/chefdk/embedded/lib/ruby/gems/2.3.0/gems/did_you_mean-1.0.0/lib" type="simple" />
            <root url="file:///opt/chefdk/embedded/lib/ruby/site_ruby/2.3.0" type="simple" />
            <root url="file:///opt/chefdk/embedded/lib/ruby/site_ruby" type="simple" />
            <root url="file:///opt/chefdk/embedded/lib/ruby/2.3.0" type="simple" />
            <root url="file:///opt/chefdk/embedded/lib/ruby/2.3.0/x86_64-darwin13" type="simple" />
            <root url="file://$APPLICATION_PLUGINS_DIR$/ruby/rubystubs/rubystubs23" type="simple" />
          </root>
        </sourcePath>
      </roots>
      <additional />
    </jdk>
    <jdk version="2">
      <name value="1.8" />
      <type value="JavaSDK" />
      <version value="java version &quot;1.8.0_92&quot;" />
      <homePath value="/Library/Java/JavaVirtualMachines/jdk1.8.0_92.jdk/Contents/Home" />
      <roots>
        <annotationsPath>
          <root type="composite">
            <root url="jar://$APPLICATION_HOME_DIR$/lib/jdkAnnotations.jar!/" type="simple" />
          </root>
        </annotationsPath>
        <classPath>
          <root type="composite">
            <root url="jar:///Library/Java/JavaVirtualMachines/jdk1.8.0_92.jdk/Contents/Home/jre/lib/charsets.jar!/" type="simple" />
            <root url="jar:///Library/Java/JavaVirtualMachines/jdk1.8.0_92.jdk/Contents/Home/jre/lib/deploy.jar!/" type="simple" />
            <root url="jar:///Library/Java/JavaVirtualMachines/jdk1.8.0_92.jdk/Contents/Home/jre/lib/ext/cldrdata.jar!/" type="simple" />
            <root url="jar:///Library/Java/JavaVirtualMachines/jdk1.8.0_92.jdk/Contents/Home/jre/lib/ext/dnsns.jar!/" type="simple" />
            <root url="jar:///Library/Java/JavaVirtualMachines/jdk1.8.0_92.jdk/Contents/Home/jre/lib/ext/jaccess.jar!/" type="simple" />
            <root url="jar:///Library/Java/JavaVirtualMachines/jdk1.8.0_92.jdk/Contents/Home/jre/lib/ext/jfxrt.jar!/" type="simple" />
            <root url="jar:///Library/Java/JavaVirtualMachines/jdk1.8.0_92.jdk/Contents/Home/jre/lib/ext/localedata.jar!/" type="simple" />
            <root url="jar:///Library/Java/JavaVirtualMachines/jdk1.8.0_92.jdk/Contents/Home/jre/lib/ext/nashorn.jar!/" type="simple" />
            <root url="jar:///Library/Java/JavaVirtualMachines/jdk1.8.0_92.jdk/Contents/Home/jre/lib/ext/sunec.jar!/" type="simple" />
            <root url="jar:///Library/Java/JavaVirtualMachines/jdk1.8.0_92.jdk/Contents/Home/jre/lib/ext/sunjce_provider.jar!/" type="simple" />
            <root url="jar:///Library/Java/JavaVirtualMachines/jdk1.8.0_92.jdk/Contents/Home/jre/lib/ext/sunpkcs11.jar!/" type="simple" />
            <root url="jar:///Library/Java/JavaVirtualMachines/jdk1.8.0_92.jdk/Contents/Home/jre/lib/ext/zipfs.jar!/" type="simple" />
            <root url="jar:///Library/Java/JavaVirtualMachines/jdk1.8.0_92.jdk/Contents/Home/jre/lib/javaws.jar!/" type="simple" />
            <root url="jar:///Library/Java/JavaVirtualMachines/jdk1.8.0_92.jdk/Contents/Home/jre/lib/jce.jar!/" type="simple" />
            <root url="jar:///Library/Java/JavaVirtualMachines/jdk1.8.0_92.jdk/Contents/Home/jre/lib/jfr.jar!/" type="simple" />
            <root url="jar:///Library/Java/JavaVirtualMachines/jdk1.8.0_92.jdk/Contents/Home/jre/lib/jfxswt.jar!/" type="simple" />
            <root url="jar:///Library/Java/JavaVirtualMachines/jdk1.8.0_92.jdk/Contents/Home/jre/lib/jsse.jar!/" type="simple" />
            <root url="jar:///Library/Java/JavaVirtualMachines/jdk1.8.0_92.jdk/Contents/Home/jre/lib/management-agent.jar!/" type="simple" />
            <root url="jar:///Library/Java/JavaVirtualMachines/jdk1.8.0_92.jdk/Contents/Home/jre/lib/plugin.jar!/" type="simple" />
            <root url="jar:///Library/Java/JavaVirtualMachines/jdk1.8.0_92.jdk/Contents/Home/jre/lib/resources.jar!/" type="simple" />
            <root url="jar:///Library/Java/JavaVirtualMachines/jdk1.8.0_92.jdk/Contents/Home/jre/lib/rt.jar!/" type="simple" />
            <root url="jar:///Library/Java/JavaVirtualMachines/jdk1.8.0_92.jdk/Contents/Home/lib/ant-javafx.jar!/" type="simple" />
            <root url="jar:///Library/Java/JavaVirtualMachines/jdk1.8.0_92.jdk/Contents/Home/lib/dt.jar!/" type="simple" />
            <root url="jar:///Library/Java/JavaVirtualMachines/jdk1.8.0_92.jdk/Contents/Home/lib/javafx-mx.jar!/" type="simple" />
            <root url="jar:///Library/Java/JavaVirtualMachines/jdk1.8.0_92.jdk/Contents/Home/lib/jconsole.jar!/" type="simple" />
            <root url="jar:///Library/Java/JavaVirtualMachines/jdk1.8.0_92.jdk/Contents/Home/lib/packager.jar!/" type="simple" />
            <root url="jar:///Library/Java/JavaVirtualMachines/jdk1.8.0_92.jdk/Contents/Home/lib/sa-jdi.jar!/" type="simple" />
            <root url="jar:///Library/Java/JavaVirtualMachines/jdk1.8.0_92.jdk/Contents/Home/lib/tools.jar!/" type="simple" />
          </root>
        </classPath>
        <javadocPath>
          <root type="composite" />
        </javadocPath>
        <sourcePath>
          <root type="composite">
            <root url="jar:///Library/Java/JavaVirtualMachines/jdk1.8.0_92.jdk/Contents/Home/src.zip!/" type="simple" />
            <root url="jar:///Library/Java/JavaVirtualMachines/jdk1.8.0_92.jdk/Contents/Home/javafx-src.zip!/" type="simple" />
          </root>
        </sourcePath>
      </roots>
      <additional />
    </jdk>
    <jdk version="2">
      <name value="RVM: ruby-2.5.1" />
      <type value="RUBY_SDK" />
      <version value="ver.2.5.1p57 ( revision 63029) p57" />
      <homePath value="$USER_HOME$/.rvm/rubies/ruby-2.5.1/bin/ruby" />
      <roots>
        <annotationsPath>
          <root type="composite" />
        </annotationsPath>
        <classPath>
          <root type="composite">
            <root url="file://$USER_HOME$/.rvm/rubies/ruby-2.5.1/lib/ruby/site_ruby/2.5.0" type="simple" />
            <root url="file://$USER_HOME$/.rvm/rubies/ruby-2.5.1/lib/ruby/site_ruby/2.5.0/x86_64-darwin17" type="simple" />
            <root url="file://$USER_HOME$/.rvm/rubies/ruby-2.5.1/lib/ruby/site_ruby" type="simple" />
            <root url="file://$USER_HOME$/.rvm/rubies/ruby-2.5.1/lib/ruby/vendor_ruby/2.5.0" type="simple" />
            <root url="file://$USER_HOME$/.rvm/rubies/ruby-2.5.1/lib/ruby/vendor_ruby/2.5.0/x86_64-darwin17" type="simple" />
            <root url="file://$USER_HOME$/.rvm/rubies/ruby-2.5.1/lib/ruby/vendor_ruby" type="simple" />
            <root url="file://$USER_HOME$/.rvm/rubies/ruby-2.5.1/lib/ruby/2.5.0" type="simple" />
            <root url="file://$USER_HOME$/.rvm/rubies/ruby-2.5.1/lib/ruby/2.5.0/x86_64-darwin17" type="simple" />
            <root url="file://$APPLICATION_PLUGINS_DIR$/ruby/rubystubs/rubystubs23" type="simple" />
          </root>
        </classPath>
        <javadocPath>
          <root type="composite" />
        </javadocPath>
        <sourcePath>
          <root type="composite">
            <root url="file://$USER_HOME$/.rvm/rubies/ruby-2.5.1/lib/ruby/site_ruby/2.5.0" type="simple" />
            <root url="file://$USER_HOME$/.rvm/rubies/ruby-2.5.1/lib/ruby/site_ruby/2.5.0/x86_64-darwin17" type="simple" />
            <root url="file://$USER_HOME$/.rvm/rubies/ruby-2.5.1/lib/ruby/site_ruby" type="simple" />
            <root url="file://$USER_HOME$/.rvm/rubies/ruby-2.5.1/lib/ruby/vendor_ruby/2.5.0" type="simple" />
            <root url="file://$USER_HOME$/.rvm/rubies/ruby-2.5.1/lib/ruby/vendor_ruby/2.5.0/x86_64-darwin17" type="simple" />
            <root url="file://$USER_HOME$/.rvm/rubies/ruby-2.5.1/lib/ruby/vendor_ruby" type="simple" />
            <root url="file://$USER_HOME$/.rvm/rubies/ruby-2.5.1/lib/ruby/2.5.0" type="simple" />
            <root url="file://$USER_HOME$/.rvm/rubies/ruby-2.5.1/lib/ruby/2.5.0/x86_64-darwin17" type="simple" />
            <root url="file://$APPLICATION_PLUGINS_DIR$/ruby/rubystubs/rubystubs23" type="simple" />
          </root>
        </sourcePath>
      </roots>
      <additional />
    </jdk>
    <jdk version="2">
      <name value="RVM: ruby-2.5.1 [global]" />
      <type value="RUBY_SDK" />
      <version value="ver.2.5.1p57 ( revision 63029) p57" />
      <homePath value="$USER_HOME$/.rvm/rubies/ruby-2.5.1/bin/ruby" />
      <roots>
        <annotationsPath>
          <root type="composite" />
        </annotationsPath>
        <classPath>
          <root type="composite">
            <root url="file://$USER_HOME$/.rvm/gems/ruby-2.5.1@global/gems/did_you_mean-1.2.0/lib" type="simple" />
            <root url="file://$USER_HOME$/.rvm/rubies/ruby-2.5.1/lib/ruby/site_ruby/2.5.0" type="simple" />
            <root url="file://$USER_HOME$/.rvm/rubies/ruby-2.5.1/lib/ruby/site_ruby/2.5.0/x86_64-darwin17" type="simple" />
            <root url="file://$USER_HOME$/.rvm/rubies/ruby-2.5.1/lib/ruby/site_ruby" type="simple" />
            <root url="file://$USER_HOME$/.rvm/rubies/ruby-2.5.1/lib/ruby/vendor_ruby/2.5.0" type="simple" />
            <root url="file://$USER_HOME$/.rvm/rubies/ruby-2.5.1/lib/ruby/vendor_ruby/2.5.0/x86_64-darwin17" type="simple" />
            <root url="file://$USER_HOME$/.rvm/rubies/ruby-2.5.1/lib/ruby/vendor_ruby" type="simple" />
            <root url="file://$USER_HOME$/.rvm/rubies/ruby-2.5.1/lib/ruby/2.5.0" type="simple" />
            <root url="file://$USER_HOME$/.rvm/rubies/ruby-2.5.1/lib/ruby/2.5.0/x86_64-darwin17" type="simple" />
            <root url="file://$APPLICATION_PLUGINS_DIR$/ruby/rubystubs/rubystubs23" type="simple" />
          </root>
        </classPath>
        <javadocPath>
          <root type="composite" />
        </javadocPath>
        <sourcePath>
          <root type="composite">
            <root url="file://$USER_HOME$/.rvm/gems/ruby-2.5.1@global/gems/did_you_mean-1.2.0/lib" type="simple" />
            <root url="file://$USER_HOME$/.rvm/rubies/ruby-2.5.1/lib/ruby/site_ruby/2.5.0" type="simple" />
            <root url="file://$USER_HOME$/.rvm/rubies/ruby-2.5.1/lib/ruby/site_ruby/2.5.0/x86_64-darwin17" type="simple" />
            <root url="file://$USER_HOME$/.rvm/rubies/ruby-2.5.1/lib/ruby/site_ruby" type="simple" />
            <root url="file://$USER_HOME$/.rvm/rubies/ruby-2.5.1/lib/ruby/vendor_ruby/2.5.0" type="simple" />
            <root url="file://$USER_HOME$/.rvm/rubies/ruby-2.5.1/lib/ruby/vendor_ruby/2.5.0/x86_64-darwin17" type="simple" />
            <root url="file://$USER_HOME$/.rvm/rubies/ruby-2.5.1/lib/ruby/vendor_ruby" type="simple" />
            <root url="file://$USER_HOME$/.rvm/rubies/ruby-2.5.1/lib/ruby/2.5.0" type="simple" />
            <root url="file://$USER_HOME$/.rvm/rubies/ruby-2.5.1/lib/ruby/2.5.0/x86_64-darwin17" type="simple" />
            <root url="file://$APPLICATION_PLUGINS_DIR$/ruby/rubystubs/rubystubs23" type="simple" />
          </root>
        </sourcePath>
      </roots>
      <additional />
    </jdk>
    <jdk version="2">
      <name value="Perl v5.18.2 (darwin-thread-multi-2level)" />
      <type value="Perl5 Interpreter" />
      <version value="v5.18.2 (darwin-thread-multi-2level)" />
      <homePath value="/usr/bin" />
      <roots>
        <annotationsPath>
          <root type="composite" />
        </annotationsPath>
        <classPath>
          <root type="composite">
            <root url="file:///Library/Perl/5.18/darwin-thread-multi-2level" type="simple" />
            <root url="file:///Library/Perl/5.18" type="simple" />
            <root url="file:///System/Library/Perl/5.18/darwin-thread-multi-2level" type="simple" />
            <root url="file:///System/Library/Perl/5.18" type="simple" />
            <root url="file:///System/Library/Perl/Extras/5.18/darwin-thread-multi-2level" type="simple" />
            <root url="file:///System/Library/Perl/Extras/5.18" type="simple" />
          </root>
        </classPath>
        <javadocPath>
          <root type="composite" />
        </javadocPath>
        <sourcePath>
          <root type="composite">
            <root url="file:///Library/Perl/5.18/darwin-thread-multi-2level" type="simple" />
            <root url="file:///Library/Perl/5.18" type="simple" />
            <root url="file:///System/Library/Perl/5.18/darwin-thread-multi-2level" type="simple" />
            <root url="file:///System/Library/Perl/5.18" type="simple" />
            <root url="file:///System/Library/Perl/Extras/5.18/darwin-thread-multi-2level" type="simple" />
            <root url="file:///System/Library/Perl/Extras/5.18" type="simple" />
          </root>
        </sourcePath>
      </roots>
      <additional />
    </jdk>
    <jdk version="2">
      <name value="Python 3.7.0 (~/anaconda3/bin/python)" />
      <type value="Python SDK" />
      <version value="Python 3.7.0" />
      <homePath value="$USER_HOME$/anaconda3/bin/python" />
      <roots>
        <annotationsPath>
          <root type="composite" />
        </annotationsPath>
        <classPath>
          <root type="composite">
            <root url="file://$USER_HOME$/anaconda3/lib/python3.7" type="simple" />
            <root url="file://$USER_HOME$/anaconda3/lib/python3.7/lib-dynload" type="simple" />
            <root url="file://$USER_HOME$/.local/lib/python3.7/site-packages" type="simple" />
            <root url="file://$USER_HOME$/anaconda3/lib/python3.7/site-packages" type="simple" />
            <root url="file://$USER_HOME$/anaconda3/lib/python3.7/site-packages/aeosa" type="simple" />
            <root url="file://$USER_HOME$/Library/Caches/IntelliJIdea2016.1/python_stubs/1375715836" type="simple" />
            <root url="file://$APPLICATION_PLUGINS_DIR$/python/helpers/python-skeletons" type="simple" />
          </root>
        </classPath>
        <javadocPath>
          <root type="composite" />
        </javadocPath>
        <sourcePath>
          <root type="composite" />
        </sourcePath>
      </roots>
      <additional />
    </jdk>
  </component>
</application>