<application>
  <component name="ProjectManager">
    <defaultProject>
      <component name="Encoding" addBOMForNewFiles="with NO BOM" />
      <component name="GradleLocalSettings">
        <option name="modificationStamps">
          <map>
            <entry key="$USER_HOME$/Downloads/gradle-simple-master" value="1497788596000" />
            <entry key="$USER_HOME$/Projects/gitrepos/SpringBootBeanValidation-JSR349" value="1465969461000" />
            <entry key="$USER_HOME$/Projects/gitrepos/SpringBootJPA" value="1465969349000" />
            <entry key="$USER_HOME$/Projects/gitrepos/SpringBootJSR303" value="1465969551000" />
            <entry key="$USER_HOME$/Projects/gitrepos/ToxiproxyHysterix" value="1503397144000" />
            <entry key="$USER_HOME$/Projects/gitrepos/air-offer-cache-service" value="1525947548000" />
            <entry key="$USER_HOME$/Projects/gitrepos/camel-test" value="2961141959000" />
            <entry key="$USER_HOME$/Projects/gitrepos/consuldemo" value="3057305936134" />
            <entry key="$USER_HOME$/Projects/gitrepos/consulecli" value="3057852237744" />
            <entry key="$USER_HOME$/Projects/gitrepos/demoservicediscovery" value="1484204621000" />
            <entry key="$USER_HOME$/Projects/gitrepos/hystrix-workshop" value="12082783209000" />
            <entry key="$USER_HOME$/Projects/gitrepos/hystrixdemo" value="1470089040000" />
            <entry key="$USER_HOME$/Projects/gitrepos/multiheader-linkerd-plugin" value="1486405691000" />
            <entry key="$USER_HOME$/Projects/gitrepos/nginxhandler" value="1473087031000" />
            <entry key="$USER_HOME$/Projects/gitrepos/optimus-service" value="5876053364000" />
            <entry key="$USER_HOME$/Projects/gitrepos/rollercoaster" value="1505401315000" />
            <entry key="$USER_HOME$/Projects/gitrepos/springmetricssample" value="1514971027000" />
            <entry key="$USER_HOME$/Projects/gitrepos/turbine-hystrix-dashboard" value="3025460116000" />
            <entry key="$USER_HOME$/Projects/gitrepos/vertx_server" value="3078517265091" />
            <entry key="$USER_HOME$/Projects/servers" value="1508228584000" />
            <entry key="$USER_HOME$/Projects/spring-boot-starter-netty-master" value="2892732720000" />
            <entry key="$USER_HOME$/Projects/vertx-examples-master/gradle-simplest" value="2955013032000" />
          </map>
        </option>
        <option name="externalProjectsViewState">
          <projects_view />
        </option>
      </component>
      <component name="MarkdownProjectSettings">
        <PreviewSettings splitEditorLayout="SPLIT" splitEditorPreview="PREVIEW" useGrayscaleRendering="false" zoomFactor="1.0" maxImageWidth="0" showGitHubPageIfSynced="false" allowBrowsingInPreview="false" synchronizePreviewPosition="true" highlightPreviewType="LINE" highlightFadeOut="5" highlightOnTyping="true" synchronizeSourcePosition="true" verticallyAlignSourceAndPreviewSyncPosition="true" showSearchHighlightsInPreview="true" showSelectionInPreview="true" openRemoteLinks="true">
          <PanelProvider>
            <provider providerId="com.vladsch.idea.multimarkdown.editor.swing.html.panel" providerName="Default - Swing" />
          </PanelProvider>
        </PreviewSettings>
        <ParserSettings gitHubSyntaxChange="false">
          <PegdownExtensions>
            <option name="ABBREVIATIONS" value="false" />
            <option name="ANCHORLINKS" value="true" />
            <option name="ASIDE" value="false" />
            <option name="ATXHEADERSPACE" value="true" />
            <option name="AUTOLINKS" value="true" />
            <option name="DEFINITIONS" value="false" />
            <option name="DEFINITION_BREAK_DOUBLE_BLANK_LINE" value="false" />
            <option name="FENCED_CODE_BLOCKS" value="true" />
            <option name="FOOTNOTES" value="false" />
            <option name="HARDWRAPS" value="false" />
            <option name="HTML_DEEP_PARSER" value="false" />
            <option name="INSERTED" value="false" />
            <option name="QUOTES" value="false" />
            <option name="RELAXEDHRULES" value="true" />
            <option name="SMARTS" value="false" />
            <option name="STRIKETHROUGH" value="true" />
            <option name="SUBSCRIPT" value="false" />
            <option name="SUPERSCRIPT" value="false" />
            <option name="SUPPRESS_HTML_BLOCKS" value="false" />
            <option name="SUPPRESS_INLINE_HTML" value="false" />
            <option name="TABLES" value="true" />
            <option name="TASKLISTITEMS" value="true" />
            <option name="TOC" value="false" />
            <option name="WIKILINKS" value="true" />
          </PegdownExtensions>
          <ParserOptions>
            <option name="COMMONMARK_LISTS" value="false" />
            <option name="DUMMY" value="false" />
            <option name="EMOJI_SHORTCUTS" value="true" />
            <option name="FLEXMARK_FRONT_MATTER" value="false" />
            <option name="GFM_LOOSE_BLANK_LINE_AFTER_ITEM_PARA" value="false" />
            <option name="GFM_TABLE_RENDERING" value="true" />
            <option name="GITBOOK_URL_ENCODING" value="false" />
            <option name="GITHUB_EMOJI_URL" value="false" />
            <option name="GITHUB_LISTS" value="true" />
            <option name="GITHUB_WIKI_LINKS" value="true" />
            <option name="JEKYLL_FRONT_MATTER" value="false" />
            <option name="SIM_TOC_BLANK_LINE_SPACER" value="true" />
          </ParserOptions>
        </ParserSettings>
        <HtmlSettings headerTopEnabled="false" headerBottomEnabled="false" bodyTopEnabled="false" bodyBottomEnabled="false" embedUrlContent="false" addPageHeader="true" embedImages="false" embedHttpImages="false">
          <GeneratorProvider>
            <provider providerId="com.vladsch.idea.multimarkdown.editor.swing.html.generator" providerName="Default Swing HTML Generator" />
          </GeneratorProvider>
          <headerTop />
          <headerBottom />
          <bodyTop />
          <bodyBottom />
        </HtmlSettings>
        <CssSettings previewScheme="UI_SCHEME" cssUri="" isCssUriEnabled="false" isCssTextEnabled="false" isDynamicPageWidth="true">
          <StylesheetProvider>
            <provider providerId="com.vladsch.idea.multimarkdown.editor.swing.html.css" providerName="Default Swing Stylesheet" />
          </StylesheetProvider>
          <ScriptProviders />
          <cssText />
        </CssSettings>
        <HtmlExportSettings updateOnSave="false" parentDir="$ProjectFileDir$" targetDir="$ProjectFileDir$" cssDir="" scriptDir="" plainHtml="false" imageDir="" copyLinkedImages="false" imageUniquifyType="0" targetExt="" useTargetExt="false" noCssNoScripts="false" linkToExportedHtml="true" exportOnSettingsChange="true" regenerateOnProjectOpen="false" linkFormatType="HTTP_ABSOLUTE" />
        <LinkMapSettings>
          <textMaps />
        </LinkMapSettings>
      </component>
      <component name="ProjectRootManager" version="2" languageLevel="JDK_1_8" default="true" assert-keyword="true" jdk-15="true" project-jdk-name="JDK 1.8" project-jdk-type="JavaSDK" />
      <component name="PropertiesComponent">
        <property name="nodejs_interpreter_path.stuck_in_default_project" value="undefined stuck path" />
        <property name="nodejs_npm_path_reset_for_default_project" value="true" />
        <property name="project.structure.last.edited" value="Problems" />
        <property name="project.structure.proportion" value="0.15" />
        <property name="project.structure.side.proportion" value="0.2" />
        <property name="settings.editor.selected.configurable" value="org.jetbrains.plugins.scala.compiler.ScalaCompileServerForm" />
        <property name="settings.editor.splitter.proportion" value="0.2" />
      </component>
      <component name="RunManager">
        <configuration default="true" type="#org.jetbrains.idea.devkit.run.PluginConfigurationType" factoryName="Plugin">
          <module name="" />
          <option name="VM_PARAMETERS" value="-Xmx512m -Xms256m -XX:MaxPermSize=250m -ea" />
          <option name="PROGRAM_PARAMETERS" />
          <method />
        </configuration>
        <configuration default="true" type="Applet" factoryName="Applet">
          <option name="WIDTH" value="400" />
          <option name="HEIGHT" value="300" />
          <option name="POLICY_FILE" value="$APPLICATION_HOME_DIR$/bin/appletviewer.policy" />
          <module />
          <method />
        </configuration>
        <configuration default="true" type="Application" factoryName="Application">
          <extension name="coverage" enabled="false" merge="false" sample_coverage="true" runner="idea" />
          <option name="MAIN_CLASS_NAME" />
          <option name="VM_PARAMETERS" />
          <option name="PROGRAM_PARAMETERS" />
          <option name="WORKING_DIRECTORY" value="$PROJECT_DIR$" />
          <option name="ALTERNATIVE_JRE_PATH_ENABLED" value="false" />
          <option name="ALTERNATIVE_JRE_PATH" />
          <option name="ENABLE_SWING_INSPECTOR" value="false" />
          <option name="ENV_VARIABLES" />
          <option name="PASS_PARENT_ENVS" value="true" />
          <module name="" />
          <envs />
          <method />
        </configuration>
        <configuration default="true" type="JUnit" factoryName="JUnit">
          <extension name="coverage" enabled="false" merge="false" sample_coverage="true" runner="idea" />
          <module name="" />
          <option name="ALTERNATIVE_JRE_PATH_ENABLED" value="false" />
          <option name="ALTERNATIVE_JRE_PATH" />
          <option name="PACKAGE_NAME" />
          <option name="MAIN_CLASS_NAME" />
          <option name="METHOD_NAME" />
          <option name="TEST_OBJECT" value="class" />
          <option name="VM_PARAMETERS" value="-ea" />
          <option name="PARAMETERS" />
          <option name="WORKING_DIRECTORY" value="$MODULE_DIR$" />
          <option name="ENV_VARIABLES" />
          <option name="PASS_PARENT_ENVS" value="true" />
          <option name="TEST_SEARCH_SCOPE">
            <value defaultName="singleModule" />
          </option>
          <envs />
          <patterns />
          <method />
        </configuration>
        <configuration default="true" type="Remote" factoryName="Remote">
          <option name="USE_SOCKET_TRANSPORT" value="true" />
          <option name="SERVER_MODE" value="false" />
          <option name="SHMEM_ADDRESS" value="javadebug" />
          <option name="HOST" value="localhost" />
          <option name="PORT" value="5005" />
          <method />
        </configuration>
        <configuration default="true" type="TestNG" factoryName="TestNG">
          <extension name="coverage" enabled="false" merge="false" sample_coverage="true" runner="idea" />
          <module name="" />
          <option name="ALTERNATIVE_JRE_PATH_ENABLED" value="false" />
          <option name="ALTERNATIVE_JRE_PATH" />
          <option name="SUITE_NAME" />
          <option name="PACKAGE_NAME" />
          <option name="MAIN_CLASS_NAME" />
          <option name="METHOD_NAME" />
          <option name="GROUP_NAME" />
          <option name="TEST_OBJECT" value="CLASS" />
          <option name="VM_PARAMETERS" value="-ea" />
          <option name="PARAMETERS" />
          <option name="WORKING_DIRECTORY" value="$MODULE_DIR$" />
          <option name="OUTPUT_DIRECTORY" />
          <option name="ANNOTATION_TYPE" />
          <option name="ENV_VARIABLES" />
          <option name="PASS_PARENT_ENVS" value="true" />
          <option name="TEST_SEARCH_SCOPE">
            <value defaultName="singleModule" />
          </option>
          <option name="USE_DEFAULT_REPORTERS" value="false" />
          <option name="PROPERTIES_FILE" />
          <envs />
          <properties />
          <listeners />
          <method />
        </configuration>
      </component>
      <component name="masterDetails">
        <states>
          <state key="GlobalLibrariesConfigurable.UI">
            <settings>
              <splitter-proportions>
                <option name="proportions">
                  <list>
                    <option value="0.2" />
                  </list>
                </option>
              </splitter-proportions>
            </settings>
          </state>
          <state key="JdkListConfigurable.UI">
            <settings>
              <last-edited>JDK 1.8</last-edited>
              <splitter-proportions>
                <option name="proportions">
                  <list>
                    <option value="0.2" />
                  </list>
                </option>
              </splitter-proportions>
            </settings>
          </state>
          <state key="ProjectJDKs.UI">
            <settings>
              <last-edited>1.8</last-edited>
              <splitter-proportions>
                <option name="proportions">
                  <list>
                    <option value="0.2" />
                  </list>
                </option>
              </splitter-proportions>
            </settings>
          </state>
          <state key="ProjectLibrariesConfigurable.UI">
            <settings>
              <splitter-proportions>
                <option name="proportions">
                  <list>
                    <option value="0.2" />
                  </list>
                </option>
              </splitter-proportions>
            </settings>
          </state>
        </states>
      </component>
    </defaultProject>
  </component>
</application>